label,path
A,img_r_0_3.png
B,img_r_108_87.png
C,img_r_0_33.png
D,img_r_1_3.png
E,img_r_110_32.png
F,img_r_0_76.png
G,img_r_0_65.png
H,img_r_0_69.png
I,img_r_0_58.png
J,img_r_4_66.png
K,img_r_4_37.png
L,img_r_3_81.png
M,img_r_3_101.png
N,img_r_3_40.png
O,img_r_0_52.png
P,img_r_3_11.png
Q,img_r_1_13.png
R,img_r_0_53.png
S,img_r_3_27.png
T,img_r_1_106.png
U,img_r_1_111.png
V,img_r_1_60.png
W,img_r_0_45.png
X,img_r_1_56.png
Y,img_r_0_67.png
Z,img_r_0_36.png
Q,img_r_1_51.png
Q,img_r_108_67.png
Z,img_r_55_29.png
O,img_r_26_89.png
X,img_r_55_49.png
Q,img_r_94_43.png
C,img_r_53_11.png
P,img_r_56_88.png
D,img_r_75_86.png
Y,img_r_19_109.png
J,img_r_52_44.png
L,img_r_62_112.png
X,img_r_107_97.png
O,img_r_31_51.png
F,img_r_89_42.png
D,img_r_92_76.png
Y,img_r_81_67.png
A,img_r_50_39.png
L,img_r_56_53.png
F,img_r_1_18.png
P,img_r_56_0.png
G,img_r_52_10.png
V,img_r_45_1.png
L,img_r_8_57.png
L,img_r_59_64.png
O,img_r_23_74.png
G,img_r_26_87.png
Y,img_r_102_86.png
T,img_r_43_29.png
T,img_r_93_14.png
Y,img_r_11_95.png
X,img_r_61_99.png
P,img_r_53_8.png
L,img_r_101_52.png
T,img_r_57_12.png
W,img_r_10_7.png
W,img_r_17_1.png
Q,img_r_18_81.png
F,img_r_71_16.png
I,img_r_101_24.png
Q,img_r_5_93.png
F,img_r_100_60.png
O,img_r_37_94.png
G,img_r_64_53.png
Y,img_r_74_29.png
O,img_r_16_16.png
L,img_r_79_93.png
O,img_r_11_27.png
U,img_r_113_12.png
L,img_r_71_77.png
P,img_r_47_0.png
L,img_r_53_69.png
V,img_r_114_53.png
D,img_r_34_100.png
L,img_r_8_89.png
F,img_r_67_2.png
R,img_r_13_91.png
L,img_r_58_11.png
L,img_r_66_34.png
D,img_r_26_45.png
Q,img_r_75_102.png
L,img_r_68_56.png
U,img_r_101_30.png
V,img_r_70_113.png
F,img_r_115_6.png
H,img_r_114_115.png
P,img_r_81_99.png
Z,img_r_13_98.png
K,img_r_97_34.png
L,img_r_71_107.png
L,img_r_25_103.png
P,img_r_7_11.png
G,img_r_7_45.png
Y,img_r_44_42.png
D,img_r_41_67.png
J,img_r_25_38.png
C,img_r_75_36.png
J,img_r_89_84.png
O,img_r_72_86.png
Q,img_r_85_44.png
A,img_r_10_61.png
J,img_r_82_17.png
U,img_r_30_30.png
W,img_r_27_69.png
O,img_r_14_15.png
R,img_r_87_101.png
F,img_r_4_48.png
W,img_r_0_79.png
O,img_r_28_109.png
V,img_r_39_49.png
W,img_r_51_20.png
W,img_r_42_84.png
L,img_r_59_29.png
O,img_r_66_77.png
L,img_r_39_34.png
Y,img_r_21_53.png
L,img_r_1_109.png
X,img_r_85_57.png
V,img_r_27_84.png
L,img_r_42_95.png
O,img_r_75_13.png
T,img_r_103_93.png
Q,img_r_74_78.png
W,img_r_84_101.png
O,img_r_99_99.png
P,img_r_38_52.png
X,img_r_13_4.png
D,img_r_92_62.png
Q,img_r_54_65.png
F,img_r_44_9.png
P,img_r_20_78.png
R,img_r_22_101.png
O,img_r_105_48.png
W,img_r_47_102.png
G,img_r_48_97.png
I,img_r_42_18.png
F,img_r_22_44.png
Q,img_r_7_76.png
P,img_r_26_77.png
L,img_r_24_92.png
Z,img_r_10_100.png
P,img_r_13_3.png
F,img_r_35_90.png
W,img_r_79_37.png
P,img_r_94_106.png
F,img_r_95_6.png
O,img_r_99_39.png
Q,img_r_7_70.png
W,img_r_17_7.png
N,img_r_18_80.png
L,img_r_93_53.png
H,img_r_102_27.png
A,img_r_97_110.png
O,img_r_65_39.png
F,img_r_40_99.png
I,img_r_57_107.png
J,img_r_99_91.png
Y,img_r_113_39.png
F,img_r_64_38.png
W,img_r_53_73.png
A,img_r_40_38.png
Q,img_r_115_28.png
X,img_r_1_1.png
Q,img_r_56_110.png
K,img_r_90_84.png
X,img_r_1_71.png
I,img_r_103_3.png
W,img_r_79_109.png
L,img_r_55_58.png
Z,img_r_101_91.png
W,img_r_12_63.png
A,img_r_12_102.png
W,img_r_40_114.png
O,img_r_112_18.png
W,img_r_27_43.png
W,img_r_86_89.png
N,img_r_27_1.png
U,img_r_36_7.png
K,img_r_67_63.png
L,img_r_38_34.png
Y,img_r_102_96.png
I,img_r_69_87.png
L,img_r_46_24.png
Y,img_r_15_36.png
L,img_r_41_64.png
Q,img_r_23_27.png
U,img_r_70_67.png
O,img_r_42_97.png
Y,img_r_3_96.png
W,img_r_43_103.png
F,img_r_28_91.png
W,img_r_54_38.png
D,img_r_67_99.png
G,img_r_115_74.png
Q,img_r_47_78.png
R,img_r_58_89.png
D,img_r_74_31.png
Y,img_r_90_85.png
V,img_r_104_109.png
Y,img_r_103_102.png
W,img_r_105_114.png
N,img_r_21_61.png
G,img_r_96_31.png
L,img_r_90_81.png
T,img_r_55_96.png
U,img_r_114_70.png
U,img_r_56_64.png
J,img_r_5_107.png
X,img_r_90_106.png
H,img_r_102_43.png
G,img_r_73_52.png
H,img_r_91_97.png
F,img_r_44_115.png
Y,img_r_17_114.png
G,img_r_92_55.png
P,img_r_40_73.png
P,img_r_114_90.png
C,img_r_6_87.png
W,img_r_111_80.png
I,img_r_45_20.png
Q,img_r_83_27.png
Q,img_r_8_102.png
I,img_r_5_54.png
H,img_r_91_25.png
F,img_r_9_107.png
D,img_r_58_21.png
Y,img_r_95_94.png
L,img_r_2_86.png
T,img_r_112_34.png
D,img_r_60_53.png
D,img_r_21_77.png
A,img_r_70_4.png
F,img_r_104_47.png
H,img_r_3_33.png
A,img_r_81_37.png
I,img_r_98_88.png
W,img_r_95_26.png
V,img_r_48_74.png
V,img_r_10_21.png
Q,img_r_34_54.png
D,img_r_32_55.png
O,img_r_66_62.png
D,img_r_110_34.png
X,img_r_46_108.png
P,img_r_90_76.png
Y,img_r_57_81.png
D,img_r_37_92.png
K,img_r_30_101.png
X,img_r_71_79.png
U,img_r_22_86.png
S,img_r_115_72.png
D,img_r_115_38.png
X,img_r_101_86.png
D,img_r_25_89.png
J,img_r_42_10.png
G,img_r_15_97.png
F,img_r_101_9.png
O,img_r_61_5.png
L,img_r_111_29.png
W,img_r_2_21.png
Y,img_r_91_48.png
F,img_r_46_104.png
L,img_r_47_67.png
X,img_r_106_19.png
X,img_r_9_11.png
T,img_r_88_53.png
A,img_r_73_92.png
F,img_r_44_60.png
P,img_r_59_45.png
X,img_r_80_111.png
R,img_r_39_55.png
G,img_r_78_24.png
H,img_r_49_80.png
J,img_r_106_100.png
O,img_r_80_10.png
L,img_r_84_31.png
Q,img_r_83_72.png
W,img_r_50_60.png
U,img_r_96_42.png
A,img_r_95_37.png
P,img_r_90_45.png
G,img_r_26_84.png
B,img_r_28_38.png
L,img_r_87_87.png
L,img_r_83_108.png
W,img_r_41_22.png
I,img_r_6_18.png
Y,img_r_44_42.png
O,img_r_79_26.png
X,img_r_73_101.png
W,img_r_71_113.png
P,img_r_5_84.png
G,img_r_97_23.png
Q,img_r_112_62.png
